{
  "name": "bootstrap-toggle",
  "description": "Bootstrap Toggle is a highly flexible Bootstrap plugin that converts checkboxes into toggles",
  "version": "2.2.0",
  "keywords": [
    "bootstrap",
    "toggle",
    "bootstrap-toggle",
    "switch",
    "bootstrap-switch"
  ],
  "homepage": "http://www.bootstraptoggle.com",
  "repository": {
    "type": "git",
    "url": "https://github.com/minhur/bootstrap-toggle.git"
  },
  "license": "MIT",
  "authors": [
    "Min Hur <min.hur@gmail.com>"
  ],
  "main": [
    "./js/bootstrap-toggle.min.js",
    "./css/bootstrap-toggle.min.css"
  ],
  "ignore": [
    "**/.*",
    "node_modules",
    "bower_components",
    "test",
    "tests"
  ],
  "_release": "2.2.0",
  "_resolution": {
    "type": "version",
    "tag": "2.2.0",
    "commit": "7900336388e4c1cc51da89b0870648c2754ca743"
  },
  "_source": "git://github.com/minhur/bootstrap-toggle.git",
  "_target": "~2.2.0",
  "_originalSource": "bootstrap-toggle",
  "_direct": true
}