[
  {
    "index": "1554494770",
    "title": "All Microtask commands must be handled by Command subclasses",
    "description": "IF a method is a static method on Command\nTHEN it should implement its behavior by constructing a new Command subclass instance.\nThe Command class contains a number of static methods. Each method creates a specific type of Command by invoking the constructor of the corresponding subclass.",
    "tags": [
      "Microtask",
      "Command",
      "Sharding"
    ],
    "checkForFilesFoldersConstraints": "INCLUDE",
    "checkForFilesFolders": [
      "src/com/crowdcoding/commands"
    ],
    "processFilesFolders": "WITHIN",
    "quantifierXPathQuery": [
      "//src:unit/src:class/src:block/src:function[src:specifier/text()=\"public\" and src:name/text()!=\"execute\" and src:block/src:return/src:expr[src:operator/text()=\"new\" and src:call/src:name/text()=ancestor::src:class/src:block/src:class/src:name/text()]]"
    ],
    "constraintXPathQuery": [
      "//src:unit/src:class/src:block/src:function[src:specifier/text()=\"public\" and src:name/text()!=\"execute\"]"
    ]
  }
]
