[
  {
    "index": "1",
    "constraintXPathQuery": [
      "//src:unit/src:class/src:block/src:function[src:specifier/text()=\"public\" and src:name/text()!=\"execute\"]"
    ],
    "checkForFilesFoldersConstraints": "INCLUDE",
    "checkForFilesFolders": [
      "src/com/crowdcoding/commands"
    ],
    "description": "IF a method is a static method on Command\nTHEN it should implement its behavior by constructing a new Command subclass instance.\nThe Command class contains a number of static methods. Each method creates a specific type of Command by invoking the constructor of the corresponding subclass.",
    "title": "All Microtask commands must be handled by Command subclasses",
    "quantifierXPathQuery": [
      "//src:unit/src:class/src:block/src:function[src:specifier/text()=\"public\" and src:name/text()!=\"execute\" and src:block/src:return/src:expr[src:operator/text()=\"new\" and src:call/src:name/text()=ancestor::src:class/src:block/src:class/src:name/text()]]"
    ],
    "tags": [
      "Microtask",
      "Command",
      "Sharding"
    ],
    "processFilesFolders": "WITHIN"
  },
  {
    "index": "2",
    "constraintXPathQuery": [
      "//src:unit/src:class/src:block/src:class[src:block/src:function[src:name/text()=\"execute\"]]"
    ],
    "checkForFilesFoldersConstraints": "INCLUDE",
    "checkForFilesFolders": [
      "src/com/crowdcoding/commands"
    ],
    "description": "IF a class is a subclass of Command\nTHEN it must implement execute.\nCommands represent an action that will be taken on an Artifact. In order for this action to be invoked, each subclass of Command must implement an execute method. This method should not be directly invoked by clients, but should be used by the Command execution engine.",
    "title": "Commands must implement execute",
    "quantifierXPathQuery": [
      "//src:unit/src:class/src:block/src:class"
    ],
    "tags": [
      "Microtask",
      "Command",
      "Sharding"
    ],
    "processFilesFolders": "WITHIN"
  },
  {
    "index": "3",
    "constraintXPathQuery": [
      "//src:unit/src:class[src:annotation[src:name/text()=\"Subclass\" and src:argument_list/src:argument/src:expr[src:name/text()=\"index\" and */text()=\"true\"]] and src:super/src:extends/src:name/text()=\"Artifact\"]"
    ],
    "checkForFilesFoldersConstraints": "INCLUDE",
    "checkForFilesFolders": [
      "src/com/crowdcoding/entities/artifacts"
    ],
    "description": "IF an object is an artifact subclass\nTHEN it needs to be an entity.\nTo signal that instances of a class constitute a separate data region, the class should have the @Entity annotation. All Artifact subclasses should be marked as a data region.",
    "title": "Artifacts should be marked as a data region with an @Entity annotation",
    "quantifierXPathQuery": [
      "//src:unit/src:class[src:super/src:extends/src:name/text()=\"Artifact\"]"
    ],
    "tags": [
      "Entity",
      "Sharding",
      "Persistence"
    ],
    "processFilesFolders": "WITHIN"
  },
  {
    "index": "4",
    "constraintXPathQuery": [
      "//src:unit/src:class[count(src:block/src:decl_stmt)>0 and src:block/src:decl_stmt/src:decl[src:type/src:name/src:name/text()=\"Ref\" and src:annotation/src:name/text()=\"Parent\" and src:annotation/src:name/text()=\"Load\"]]"
    ],
    "checkForFilesFoldersConstraints": "INCLUDE",
    "checkForFilesFolders": [
      "src/com/crowdcoding/entities/microtasks"
    ],
    "description": "IF a class is a subclass of Microtask \nTHEN it needs a field representing the reference to the associated entity.\nEach Microtask represents work to be done on an Artifact. As such, it needs to be connected back to its owning artifact through a reference to the Artifact. Without the reference, they need to have an ID of the artifact and for submitting they need to load the data beforehand.",
    "title": "Microtasks must have a reference to the Artifact that it belongs to",
    "quantifierXPathQuery": [
      "//src:unit/src:class[src:name/text()!=\"Microtask\"]"
    ],
    "tags": [
      "Entity",
      "Microtask",
      "Objectify",
      "Persistence"
    ],
    "processFilesFolders": "WITHIN"
  },

  {
    "index": "6",
    "constraintXPathQuery": [
      "//src:unit/src:class/src:block/src:function_decl[src:name/text()=\"execute\"]/src:parameter_list/src:parameter/src:decl/src:type/src:name[not(text()=\"String\")]/text()",
      "//src:unit/src:class[src:name/text()=\"<TEMP>\" or (src:super/src:extends/src:name/text()=\"<TEMP>\")]/src:name/text()",
      "//src:unit/src:class[src:super/src:extends/src:name/text()=\"Command\"]/src:block/src:class/src:block/descendant-or-self::src:decl_stmt/src:decl[src:init/src:expr/src:call/src:name/text()=\"<TEMP>\"]"
    ],
    "constraintQueryType": "FIRST",
    "quantifierQueryType": "NEXT",
    "checkForFilesFoldersConstraints": "INCLUDE",
    "checkForFilesFolders": [
      "src/com/crowdcoding/commands",
      "src/com/crowdcoding/entities"
    ],
    "description": "IF an Artifact needs to communicate with another artifact\nTHEN it should create a Command describing the desired action to be performed.\nEach Artifact exists in a separate shard, which may execute in parallel on a separate server. An artifact may communicate with another artifact by creating a Command which describes the action that it wishes the receiving Artifact to perform.",
    "title": "Communication between artifacts should be indirected through a Command",
    "quantifierXPathQuery": [
      "//src:unit/src:class[(src:annotation/src:name[text()=\"Entity\"] or src:annotation/src:name[text()=\"Subclass\"])]/src:name/text()",
      "//src:unit/src:class[src:super/src:extends/src:name/text()=\"Command\"]/src:block/src:class/src:block/descendant-or-self::src:decl_stmt/src:decl[src:init/src:expr/src:call/src:name/text()=\"<TEMP>\"]"
    ],
    "tags": [
      "Sharding",
      "Command",
      "Entity",
      "Persistence"
    ],
    "processFilesFolders": "MIXED"
  },
  {
    "index": "7",
    "constraintXPathQuery": [
      "//src:unit/src:class[(src:annotation/src:name[text()=\"Entity\"] or src:annotation/src:name[text()=\"Subclass\"])]/src:name/text()",
      "//src:unit/src:class[src:super/src:extends/src:name/text()=\"Command\"]/src:block/descendant-or-self::src:decl_stmt/src:decl[src:init/src:expr/src:call/src:name/text()=\"<TEMP>\"]"
    ],
    "constraintQueryType": "NEXT",
    "quantifierQueryType": "NEXT",
    "checkForFilesFoldersConstraints": "INCLUDE",
    "checkForFilesFolders": [
      "src/com/crowdcoding"
    ],
    "description": "IF a new Artifact is to be created\nTHEN its constructor should be invoked only by its corresponding Command class.\nArtifacts constitute a separate data region, which should not directly communicate between each other. Instead, all communication should be indirected through a Command. A command represents a request for an action to be taken on an Artifact. To create a new instance of an Artifact, a Create command for the Artifact should be used.\nThere is one exception for this rule: 'DescribeFunctionBehavior'. Violations for this object can be ignored.",
    "title": "Creating an Artifact should be indirected through a Command",
    "quantifierXPathQuery": [
      "//src:unit/src:class[(src:annotation/src:name[text()=\"Entity\"] or src:annotation/src:name[text()=\"Subclass\"])]/src:name/text()",
      "//src:unit/src:class/src:block/descendant-or-self::src:decl_stmt/src:decl[src:init/src:expr/src:call/src:name/text()=\"<TEMP>\"]"
    ],
    "tags": [
      "Sharding",
      "Command",
      "Entity"
    ],
    "processFilesFolders": "MIXED"
  },
  {
    "index": "8",
    "constraintXPathQuery": [
      "//src:unit/src:class[not(src:annotation/src:name[text()=\"Entity\"] or src:annotation/src:name[text()=\"Subclass\"])]/src:block/descendant-or-self::src:decl_stmt/src:decl[src:type/src:name/text()=\"ObjectMapper\"]"
    ],
    "checkForFilesFoldersConstraints": "INCLUDE",
    "checkForFilesFolders": [
      "src/com/crowdcoding"
    ],
    "description": "IF an object is to be serialized to JSON for transfer to an external service \nTHEN this should only be done for its corresponding DTO.\nData should never be directly serialized to JSON. Instead, a DTO should be created for the data to be sent to the external service, which will then be serialized to JSON.",
    "title": "Objects to be sent to an external service should have a corresponding DTO that needs to be transferred has a DTO, i.e. ObjectMapper should not be in Entity.",
    "quantifierXPathQuery": [
      "//src:unit/src:class/src:block/descendant-or-self::src:decl_stmt/src:decl[src:type/src:name/text()=\"ObjectMapper\"]"
    ],
    "tags": [
      "Serialization",
      "Entity",
      "DataTransferObjects"
    ],
    "processFilesFolders": "WITHIN"
  },
  {
    "index": "9",
    "constraintXPathQuery": [
      "//src:unit/src:class[src:super/src:extends/src:name/text()=\"DTO\" and src:block/src:constructor[count(src:parameter_list/src:parameter)=0]]"
    ],
    "checkForFilesFoldersConstraints": "INCLUDE",
    "checkForFilesFolders": [
      "src/com/crowdcoding/dto"
    ],
    "description": "IF a class is a DTO object \nTHEN it needs to have a zero-argument constructor with an empty body.\nThe Jackson JSON library automatically constructs an instance of DTO objects, using reflection. To do so, it requires there to be a no-arg constructor that does nothing.",
    "title": "DTOs must have a zero-argument constructor",
    "quantifierXPathQuery": [
      "//src:unit/src:class[src:super/src:extends/src:name/text()=\"DTO\"]"
    ],
    "tags": [
      "Serialization",
      "DataTransferObjects"
    ],
    "processFilesFolders": "WITHIN"
  },
  {
    "index": "10",
    "constraintXPathQuery": [
      "//src:unit/src:class/src:block/descendant-or-self::src:expr_stmt/src:expr[src:call[src:name/text()=\"ofy\"] and src:call[src:name/text()=\"save\"] and src:call[src:name/text()=\"now\"]]"
    ],
    "checkForFilesFoldersConstraints": "INCLUDE",
    "checkForFilesFolders": [
      "src/com/crowdcoding/entities"
    ],
    "description": "IF the save method is called \nTHEN the now() method must be followed immediately.\nInvoking the save() method marks an entity to storage to the datastore by Objectify. However, this data is not yet committed and any subsequent calls to load() will still receive a stale pre-save version of the data. In order to ensure that all loads() receive the newest version of the data, every call to save() should be immediately followed by a call to now(), which commits the new version to the datastore immediately.",
    "title": "Save() calls should always be committed immediately",
    "quantifierXPathQuery": [
      "//src:unit/src:class/src:block/descendant-or-self::src:expr_stmt/src:expr[src:call[src:name/text()=\"ofy\"] and src:call[src:name/text()=\"save\"]]"
    ],
    "tags": [
      "Objectify",
      "Persistence"
    ],
    "processFilesFolders": "WITHIN"
  },
  {
    "index": "11",
    "constraintXPathQuery": [
      "//src:unit/src:class[src:name/text()=\"CrowdServlet\"]//src:expr_stmt/src:expr/src:call[src:name/src:name/text()=\"ObjectifyService\" and src:name/src:name/text()=\"register\"]/src:argument_list/src:argument/src:expr/src:name/src:name[1]/text()",
      "//src:unit/src:class[src:name/text()=\"<TEMP>\"]"
    ],
    "constraintQueryType": "NEXT",
    "checkForFilesFoldersConstraints": "INCLUDE",
    "checkForFilesFolders": [
      "src/com/crowdcoding/entities",
      "src/com/crowdcoding/servlets"
    ],
    "description": "IF a class is an Entity class or subclass \nTHEN it must be registered in 'CrowdServlet' class by ObjectifyService.\nAll entities needs to be registered with Objectify, so that Objectify knows to persist them. The registration must be done in 'CrowdServlet.java'",
    "title": "@Entity classes must be registered in the CrowdServlet class",
    "quantifierXPathQuery": [
      "//src:unit/src:class[(src:annotation/src:name[text()=\"Entity\"] or src:annotation/src:name[text()=\"Subclass\"])]"
    ],
    "tags": [
      "Entity",
      "Objectify",
      "Persistence"
    ],
    "processFilesFolders": "MIXED"
  },
  {
    "index": "12",
    "constraintXPathQuery": [
      "//src:unit/src:class[src:annotation[src:name/text()=\"Entity\"] and src:block/src:decl_stmt/src:decl[src:annotation/src:name/text()=\"Id\"]]"
    ],
    "checkForFilesFoldersConstraints": "INCLUDE",
    "checkForFilesFolders": [
      "src/com/crowdcoding/entities"
    ],
    "description": "IF a class has an @Entity annotation \nTHEN it must have a field annotated with @Id. \nIn order for Objectify to differentiate instances of a class, it must have a primary key. This key is indicated by a field with the @id annotation.",
    "title": "@Entity classes must have an @id field",
    "quantifierXPathQuery": [
      "//src:unit/src:class[src:annotation[src:name/text()=\"Entity\"]]"
    ],
    "tags": [
      "Entity",
      "Objectify",
      "Persistence"
    ],
    "processFilesFolders": "WITHIN"
  },
  {
    "index": "13",
    "constraintXPathQuery": [
      "//src:unit/src:class[src:annotation[src:name/text()=\"Subclass\" and src:argument_list/src:argument/src:expr[src:name/text()=\"index\" and */text()=\"true\"]]]"
    ],
    "checkForFilesFoldersConstraints": "INCLUDE",
    "checkForFilesFolders": [
      "src/com/crowdcoding/entities"
    ],
    "description": "IF a class is a subclass of an @Entity class \nTHEN it needs to be indexed ('index=true').\nTo enable fast queries when loading elements from the datastore, all subclasses of @Entity classes must be indexed.",
    "title": "Subclasses of @Entity classes must be indexed",
    "quantifierXPathQuery": [
      "//src:unit/src:class[src:annotation[src:name/text()=\"Subclass\"]]"
    ],
    "tags": [
      "Entity",
      "Objectify",
      "Persistence"
    ],
    "processFilesFolders": "WITHIN"
  },
  {
    "index": "14",
    "constraintXPathQuery": [
      "//src:unit/src:class[(src:annotation[src:name/text()=\"Entity\"] or src:annotation[src:name/text()=\"Subclass\"]) and src:block/src:constructor[count(src:parameter_list/src:parameter)=0]]"
    ],
    "checkForFilesFoldersConstraints": "INCLUDE",
    "checkForFilesFolders": [
      "src/com/crowdcoding/entities"
    ],
    "description": "IF a class is an entity \nTHEN it needs to have a zero-argument constructor.\n@Entity classes are loaded and deserialized from their saved data in the datastore by Objectify. In order for Objectify to successfully do this, it expects that @Entity classes will have a no-arg constructor.",
    "title": "@Entity classes must have a zero-argument constructor",
    "quantifierXPathQuery": [
      "//src:unit/src:class[(src:annotation[src:name/text()=\"Entity\"] or src:annotation[src:name/text()=\"Subclass\"])]"
    ],
    "tags": [
      "Entity",
      "Persistence"
    ],
    "processFilesFolders": "WITHIN"
  },

  {
    "index": "16",
    "constraintXPathQuery": [
      "//src:unit/src:class[src:super/src:extends/src:name/text()=\"Command\"]/src:block/src:class[src:specifier/text()!=\"public\"]"
    ],
    "checkForFilesFoldersConstraints": "INCLUDE",
    "checkForFilesFolders": [
      "src/com/crowdcoding/commands"
    ],
    "description": "IF a class is a subclass of Command\nTHEN it should not be public.\nThe Command class acts as factory, containing static methods that instantiate individual Command subclasses. External clients should interact with the Command class rather than the Command subclasses.\n",
    "title": "Commands should not be publicly visible",
    "quantifierXPathQuery": [
      "//src:unit/src:class[src:super/src:extends/src:name/text()=\"Command\"]/src:block/src:class"
    ],
    "tags": [
      "Command",
      "Sharding"
    ],
    "processFilesFolders": "WITHIN"
  },
  {
    "index": "17",
    "constraintXPathQuery": [
      "//src:unit/src:class[src:super/src:extends/src:name/text()=\"Command\"]/src:block/src:class[src:block/src:constructor/src:parameter_list[count(src:parameter)=0 or src:parameter/src:decl/src:name[text()=ancestor::src:constructor/src:block/src:expr_stmt/src:expr/src:call[src:name/text()=\"super\"]/src:argument_list/src:argument/src:expr/descendant-or-self::src:name/text() or text()=ancestor::src:class/src:block/src:decl_stmt/src:decl/src:name/text()]]]"
    ],
    "checkForFilesFoldersConstraints": "INCLUDE",
    "checkForFilesFolders": [
      "src/com/crowdcoding/commands"
    ],
    "description": "IF a constructor is for a subclass of Command\nTHEN it should store each parameter given.\nCommands record some future action to perform. To do so, their constructor takes various parameters that will eventually be used when the Command is executed. To record this data, all parameters should be stored as fields.\n",
    "title": "Commands should persist all data they are given",
    "quantifierXPathQuery": [
      "//src:unit/src:class[src:super/src:extends/src:name/text()=\"Command\"]/src:block/src:class[src:block/src:constructor/src:parameter_list[count(src:parameter)=0 or src:parameter/src:decl/src:name[text()=ancestor::src:constructor/src:block/src:expr_stmt/src:expr/src:call[src:name/text()=\"super\"]/src:argument_list/src:argument/src:expr/descendant-or-self::src:name/text() or text()=ancestor::src:constructor/src:block/descendant-or-self::src:expr_stmt/src:expr/src:name/text()]]]"
    ],
    "tags": [
      "Command",
      "Sharding"
    ],
    "processFilesFolders": "WITHIN"
  }
]
